{
    "name": "root",
    "gauges": {
        "CarDrive.Policy.Entropy.mean": {
            "value": 1.315526008605957,
            "min": 1.315526008605957,
            "max": 1.4211353063583374,
            "count": 83
        },
        "CarDrive.Environment.EpisodeLength.mean": {
            "value": 2122.5,
            "min": 5.554535637149028,
            "max": 7372.0,
            "count": 44
        },
        "CarDrive.Policy.ExtrinsicValueEstimate.mean": {
            "value": 1.1847795248031616,
            "min": -0.9545787572860718,
            "max": 1.1847795248031616,
            "count": 83
        },
        "CarDrive.Environment.CumulativeReward.mean": {
            "value": 107.5924243927002,
            "min": -0.9860257455726075,
            "max": 107.5924243927002,
            "count": 47
        },
        "CarDrive.Policy.ExtrinsicReward.mean": {
            "value": 107.5924243927002,
            "min": -0.9860257455726075,
            "max": 107.5924243927002,
            "count": 47
        },
        "CarDrive.IsTraining.mean": {
            "value": 1.0,
            "min": 1.0,
            "max": 1.0,
            "count": 83
        },
        "CarDrive.Losses.PolicyLoss.mean": {
            "value": 0.09961927014066735,
            "min": 0.09085463114554643,
            "max": 0.10556065171530986,
            "count": 61
        },
        "CarDrive.Losses.ValueLoss.mean": {
            "value": 0.004538183083606518,
            "min": 0.0012665655971083672,
            "max": 0.5579597166290989,
            "count": 61
        },
        "CarDrive.Policy.LearningRate.mean": {
            "value": 3.735098754999989e-06,
            "min": 3.735098754999989e-06,
            "max": 0.0002963628012123999,
            "count": 61
        },
        "CarDrive.Policy.Epsilon.mean": {
            "value": 0.10124500000000002,
            "min": 0.10124500000000002,
            "max": 0.19878759999999998,
            "count": 61
        },
        "CarDrive.Policy.Beta.mean": {
            "value": 2.2325499999999964e-05,
            "min": 2.2325499999999964e-05,
            "max": 0.00098799724,
            "count": 61
        }
    },
    "metadata": {
        "timer_format_version": "0.1.0",
        "start_time_seconds": "1610378534",
        "python_version": "3.7.9 (default, Aug 31 2020, 07:22:35) \n[Clang 10.0.0 ]",
        "command_line_arguments": "/Users/thomas/python-envs/unity-env/bin/mlagents-learn config/trainer_config_ppo_rnn_resnet.yaml --train --run-id=ppo_rnn-v2",
        "mlagents_version": "0.23.0",
        "mlagents_envs_version": "0.23.0",
        "communication_protocol_version": "1.3.0",
        "pytorch_version": "1.7.1",
        "numpy_version": "1.18.5",
        "end_time_seconds": "1610379082"
    },
    "total": 548.096935795,
    "count": 1,
    "self": 0.006322358000034001,
    "children": {
        "run_training.setup": {
            "total": 0.0066827720000000035,
            "count": 1,
            "self": 0.0066827720000000035
        },
        "TrainerController.start_learning": {
            "total": 548.083930665,
            "count": 1,
            "self": 0.775668131004295,
            "children": {
                "TrainerController._reset_env": {
                    "total": 5.490869229,
                    "count": 1,
                    "self": 5.490869229
                },
                "TrainerController.advance": {
                    "total": 541.7646052739957,
                    "count": 17331,
                    "self": 0.25382761799505715,
                    "children": {
                        "env_step": {
                            "total": 541.5107776560006,
                            "count": 17331,
                            "self": 470.0919025119995,
                            "children": {
                                "SubprocessEnvManager._take_step": {
                                    "total": 71.20191270300279,
                                    "count": 17331,
                                    "self": 1.6026239450090003,
                                    "children": {
                                        "TorchPolicy.evaluate": {
                                            "total": 69.59928875799379,
                                            "count": 17331,
                                            "self": 12.656174604992891,
                                            "children": {
                                                "TorchPolicy.sample_actions": {
                                                    "total": 56.9431141530009,
                                                    "count": 17331,
                                                    "self": 56.9431141530009
                                                }
                                            }
                                        }
                                    }
                                },
                                "workers": {
                                    "total": 0.21696244099834594,
                                    "count": 17331,
                                    "self": 0.0,
                                    "children": {
                                        "worker_root": {
                                            "total": 547.1463270810016,
                                            "count": 17331,
                                            "is_parallel": true,
                                            "self": 344.9675754810054,
                                            "children": {
                                                "run_training.setup": {
                                                    "total": 0.0,
                                                    "count": 0,
                                                    "is_parallel": true,
                                                    "self": 0.0,
                                                    "children": {
                                                        "steps_from_proto": {
                                                            "total": 0.002019224999999736,
                                                            "count": 1,
                                                            "is_parallel": true,
                                                            "self": 0.00031186300000030087,
                                                            "children": {
                                                                "_process_vector_observation": {
                                                                    "total": 0.001707361999999435,
                                                                    "count": 4,
                                                                    "is_parallel": true,
                                                                    "self": 0.001707361999999435
                                                                }
                                                            }
                                                        },
                                                        "UnityEnvironment.step": {
                                                            "total": 0.03761870000000034,
                                                            "count": 1,
                                                            "is_parallel": true,
                                                            "self": 0.0007783650000003917,
                                                            "children": {
                                                                "UnityEnvironment._generate_step_input": {
                                                                    "total": 0.0007500970000000606,
                                                                    "count": 1,