{
    "name": "root",
    "gauges": {
        "CarDrive.Policy.Entropy.mean": {
            "value": 0.6513003706932068,
            "min": 0.2838071882724762,
            "max": 1.3683358430862427,
            "count": 83
        },
        "CarDrive.Environment.EpisodeLength.mean": {
            "value": 21.0,
            "min": 5.603701687534023,
            "max": 3837.5,
            "count": 69
        },
        "CarDrive.Policy.ExtrinsicValue.mean": {
            "value": 0.3109303414821625,
            "min": -0.7493780851364136,
            "max": 1.250752329826355,
            "count": 83
        },
        "CarDrive.Environment.CumulativeReward.mean": {
            "value": 7.824370000511408,
            "min": -0.9739286074926565,
            "max": 14.369617605209351,
            "count": 69
        },
        "CarDrive.Policy.ExtrinsicReward.mean": {
            "value": 7.824370000511408,
            "min": -0.9739286074926565,
            "max": 14.369617605209351,
            "count": 69
        },
        "CarDrive.Losses.PolicyLoss.mean": {
            "value": -0.31556423938796824,
            "min": -1.208607959912458,
            "max": 0.7231988661155027,
            "count": 75
        },
        "CarDrive.Losses.ValueLoss.mean": {
            "value": 2.3140035098975825e-05,
            "min": 2.063769585847523e-05,
            "max": 0.013209200516914743,
            "count": 75
        },
        "CarDrive.Losses.Q1Loss.mean": {
            "value": 0.0004150880630519493,
            "min": 0.00026340041474022475,
            "max": 0.31528754850189855,
            "count": 75
        },
        "CarDrive.Losses.Q2Loss.mean": {
            "value": 0.0004158635524882125,
            "min": 0.00026199589961023396,
            "max": 0.31557110583566383,
            "count": 75
        },
        "CarDrive.Policy.ContinuousEntropyCoeff.mean": {
            "value": 0.0002585840855820753,
            "min": 0.00011611586224109465,
            "max": 0.4210698680110394,
            "count": 75
        },
        "CarDrive.Policy.LearningRate.mean": {
            "value": 0.0002999999999999999,
            "min": 0.00029999999999999987,
            "max": 0.00030000000000000003,
            "count": 75
        },
        "CarDrive.IsTraining.mean": {
            "value": 1.0,
            "min": 1.0,
            "max": 1.0,
            "count": 83
        }
    },
    "metadata": {
        "timer_format_version": "0.1.0",
        "start_time_seconds": "1610143966",
        "python_version": "3.7.9 (default, Aug 31 2020, 07:22:35) \n[Clang 10.0.0 ]",
        "command_line_arguments": "/Users/thomas/python-envs/unity-env/bin/mlagents-learn trainer_config_sac.yaml --train --run-id=sac-v1",
        "mlagents_version": "0.23.0",
        "mlagents_envs_version": "0.23.0",
        "communication_protocol_version": "1.3.0",
        "pytorch_version": "1.7.1",
        "numpy_version": "1.18.5",
        "end_time_seconds": "1610145025"
    },
    "total": 1058.663802988,
    "count": 1,
    "self": 0.006922059000316949,
    "children": {
        "run_training.setup": {
            "total": 0.010819941999999916,
            "count": 1,
            "self": 0.010819941999999916
        },
        "TrainerController.start_learning": {
            "total": 1058.6460609869998,
            "count": 1,
            "self": 1.1896408130000964,
            "children": {
                "TrainerController._reset_env": {
                    "total": 5.597166055000001,
                    "count": 1,
                    "self": 5.597166055000001
                },
                "TrainerController.advance": {
                    "total": 1051.810319235,
                    "count": 17391,
                    "self": 0.24117503301113175,
                    "children": {
                        "env_step": {
                            "total": 1051.5691442019888,
                            "count": 17391,
                            "self": 1005.8646151949863,
                            "children": {
                                "SubprocessEnvManager._take_step": {
                                    "total": 45.47997512799207,
                                    "count": 17391,
                                    "self": 1.5051280969973035,
                                    "children": {
                                        "TorchPolicy.evaluate": {
                                            "total": 43.974847030994766,
                                            "count": 17391,
                                            "self": 5.763715663002664,
                                            "children": {
                                                "TorchPolicy.sample_actions": {
                                                    "total": 38.2111313679921,
                                                    "count": 17391,
                                                    "self": 38.2111313679921
                                                }
                                            }
                                        }
                                    }
                                },
                                "workers": {
                                    "total": 0.22455387901045754,
                                    "count": 17391,
                                    "self": 0.0,
                                    "children": {
                                        "worker_root": {
                                            "total": 1057.3103903760075,
                                            "count": 17391,
                                            "is_parallel": true,
                                            "self": 859.8102458260068,
                                            "children": {
                                                "run_training.setup": {
                                                    "total": 0.0,
                                                    "count": 0,
                                                    "is_parallel": true,
                                                    "self": 0.0,
                                                    "children": {
                                                        "steps_from_proto": {
                                                            "total": 0.00657756200000037,
                                                            "count": 1,
                                                            "is_parallel": true,
                                                            "self": 0.00032038100000075787,
                                                            "children": {
                                                                "_process_vector_observation": {
                                                                    "total": 0.006257180999999612,
                                                                    "count": 4,
                                                                    "is_parallel": true,
                                                                    "self": 0.006257180999999612
                                                                }
                                                            }
                                                        },
                                                        "UnityEnvironment.step": {
                                                            "total": 0.036303213000000056,
                                                            "count": 1,
                                                            "is_parallel": true,
                                                            "self": 0.0008810290000011989,