{
    "name": "root",
    "gauges": {
        "CarDrive.Policy.Entropy.mean": {
            "value": 2.006544351577759,
            "min": 1.4325658082962036,
            "max": 2.4786462783813477,
            "count": 416
        },
        "CarDrive.Environment.EpisodeLength.mean": {
            "value": 1180.5,
            "min": 5.518716577540107,
            "max": 74015.0,
            "count": 116
        },
        "CarDrive.Policy.ExtrinsicValueEstimate.mean": {
            "value": 1.5730704069137573,
            "min": -0.4143534004688263,
            "max": 1.7324525117874146,
            "count": 416
        },
        "CarDrive.Environment.CumulativeReward.mean": {
            "value": 168.5307016107771,
            "min": -0.9863406429736438,
            "max": 1202.4716211557388,
            "count": 117
        },
        "CarDrive.Policy.ExtrinsicReward.mean": {
            "value": 168.5307016107771,
            "min": -0.9863406429736438,
            "max": 1202.4716211557388,
            "count": 117
        },
        "CarDrive.Losses.PolicyLoss.mean": {
            "value": 0.2764990036348493,
            "min": 0.14689577949842858,
            "max": 4.155061711051075,
            "count": 270
        },
        "CarDrive.Losses.ValueLoss.mean": {
            "value": 0.04260711285302586,
            "min": 0.0004247355078443131,
            "max": 0.5046341164375847,
            "count": 270
        },
        "CarDrive.Policy.LearningRate.mean": {
            "value": 7.103797632400077e-07,
            "min": 7.103797632400077e-07,
            "max": 0.0002996267601244133,
            "count": 270
        },
        "CarDrive.Policy.Epsilon.mean": {
            "value": 0.10023676000000002,
            "min": 0.10023676000000002,
            "max": 0.1998755866666667,
            "count": 270
        },
        "CarDrive.Policy.Beta.mean": {
            "value": 1.2343924000000023e-05,
            "min": 1.2343924000000023e-05,
            "max": 0.000998768308,
            "count": 270
        },
        "CarDrive.IsTraining.mean": {
            "value": 1.0,
            "min": 1.0,
            "max": 1.0,
            "count": 416
        }
    },
    "metadata": {
        "timer_format_version": "0.1.0",
        "start_time_seconds": "1610406252",
        "python_version": "3.7.9 (default, Aug 31 2020, 07:22:35) \n[Clang 10.0.0 ]",
        "command_line_arguments": "/Users/thomas/python-envs/unity-env/bin/mlagents-learn config/trainer_config_ppo_rnn.yaml --train --run-id=PPO_MemEnchanced_RNN",
        "mlagents_version": "0.23.0",
        "mlagents_envs_version": "0.23.0",
        "communication_protocol_version": "1.3.0",
        "pytorch_version": "1.7.1",
        "numpy_version": "1.18.5",
        "end_time_seconds": "1610416284"
    },
    "total": 10032.513628674,
    "count": 1,
    "self": 0.008706398000867921,
    "children": {
        "run_training.setup": {
            "total": 0.011211116999999993,
            "count": 1,
            "self": 0.011211116999999993
        },
        "TrainerController.start_learning": {
            "total": 10032.493711158999,
            "count": 1,
            "self": 2.351827744887487,
            "children": {
                "TrainerController._reset_env": {
                    "total": 10.092539698,
                    "count": 1,
                    "self": 10.092539698
                },
                "TrainerController.advance": {
                    "total": 10019.944586043113,
                    "count": 83997,
                    "self": 1.192926621008155,
                    "children": {
                        "env_step": {
                            "total": 10018.751659422105,
                            "count": 83997,
                            "self": 9824.326032854282,
                            "children": {
                                "SubprocessEnvManager._take_step": {
                                    "total": 193.3697713740332,
                                    "count": 83997,
                                    "self": 9.556949777952354,
                                    "children": {
                                        "TorchPolicy.evaluate": {
                                            "total": 183.81282159608085,
                                            "count": 83997,
                                            "self": 45.751453257962396,
                                            "children": {
                                                "TorchPolicy.sample_actions": {
                                                    "total": 138.06136833811846,
                                                    "count": 83997,
                                                    "self": 138.06136833811846
                                                }
                                            }
                                        }
                                    }
                                },
                                "workers": {
                                    "total": 1.0558551937900535,
                                    "count": 83997,
                                    "self": 0.0,
                                    "children": {
                                        "worker_root": {
                                            "total": 10029.640151874913,
                                            "count": 83997,
                                            "is_parallel": true,
                                            "self": 8798.295120605837,
                                            "children": {
                                                "run_training.setup": {
                                                    "total": 0.0,
                                                    "count": 0,
                                                    "is_parallel": true,
                                                    "self": 0.0,
                                                    "children": {
                                                        "steps_from_proto": {
                                                            "total": 0.0023526909999986856,
                                                            "count": 1,
                                                            "is_parallel": true,
                                                            "self": 0.00039210400000122547,
                                                            "children": {
                                                                "_process_vector_observation": {
                                                                    "total": 0.00196058699999746,
                                                                    "count": 4,
                                                                    "is_parallel": true,
                                                                    "self": 0.00196058699999746
                                                                }
                                                            }
                                                        },
                                                        "UnityEnvironment.step": {
                                                            "total": 0.03534950899999956,
                                                            "count": 1,
                                                            "is_parallel": true,
                                                            "self": 0.0009452210000002736,
                                                            "children": {
                                                                "UnityEnvironment._generate_step_input": {
                                                                    "total": 0.0007241929999999286,
                                                                    "count": 1,