{"count":1,"self":3192.8371199999997,"total":3369.136376,"children":{"InitializeActuators":{"count":4,"self":0.0020659999999999997,"total":0.0020659999999999997,"children":null},"InitializeSensors":{"count":4,"self":0.0017989999999999998,"total":0.0017989999999999998,"children":null},"AgentSendState":{"count":166827,"self":8.2482335999999989,"total":24.033801,"children":{"CollectObservations":{"count":667308,"self":9.5827568,"total":9.5827569999999991,"children":null},"WriteActionMask":{"count":667308,"self":2.1091219999999997,"total":2.1091219999999997,"children":null},"RequestDecision":{"count":667308,"self":4.093688,"total":4.093688,"children":null}}},"DecideAction":{"count":166827,"self":73.355558399999993,"total":148.08039399999998,"children":{"RayPerceptionSensor.Perceive":{"count":667308,"self":74.724831999999992,"total":74.72483299999999,"children":null}}},"AgentAct":{"count":166827,"self":4.1811479999999994,"total":4.1811479999999994,"children":null}},"gauges":{"CarDrive.CumulativeReward":{"count":80,"max":1304.97534,"min":-1.92969179,"runningAverage":123.913017,"value":328.475,"weightedAverage":291.5089}},"metadata":{"timer_format_version":"0.1.0","start_time_seconds":"1610479161","unity_version":"2020.1.17f1","command_line_arguments":"\/Applications\/Unity\/Hub\/Editor\/2020.1.17f1\/Unity.app\/Contents\/MacOS\/Unity -projectpath \/Users\/thomas\/Desktop\/unity\/cAr-drIve -useHub -hubIPC -cloudEnvironment production -hubSessionId 1ff4beb0-5157-11eb-a2cc-350d074b0380 -accessToken iiY6jNqGp3TnIhQuJuZHzntZEqYmymYqgOKPpvBstt0002f","communication_protocol_version":"1.3.0","com.unity.ml-agents_version":"1.7.2-preview","scene_name":"CarPlay","end_time_seconds":"1610482531"}}