{
    "name": "root",
    "gauges": {
        "CarDrive.Policy.Entropy.mean": {
            "value": 0.7883210182189941,
            "min": 0.7882742285728455,
            "max": 1.418938398361206,
            "count": 833
        },
        "CarDrive.Environment.EpisodeLength.mean": {
            "value": 2114.0,
            "min": 5.612991266375546,
            "max": 60824.0,
            "count": 343
        },
        "CarDrive.Policy.ExtrinsicValueEstimate.mean": {
            "value": 1.7429121732711792,
            "min": -0.9495334029197693,
            "max": 1.77179753780365,
            "count": 833
        },
        "CarDrive.Environment.CumulativeReward.mean": {
            "value": 16.748282253742218,
            "min": -4.192102432250977,
            "max": 1193.5478029251099,
            "count": 350
        },
        "CarDrive.Policy.ExtrinsicReward.mean": {
            "value": 16.748282253742218,
            "min": -4.192102432250977,
            "max": 1193.5478029251099,
            "count": 350
        },
        "CarDrive.IsTraining.mean": {
            "value": 1.0,
            "min": 1.0,
            "max": 1.0,
            "count": 833
        },
        "CarDrive.Losses.PolicyLoss.mean": {
            "value": 0.09366493246918066,
            "min": 0.06958514199420751,
            "max": 0.10777299259282445,
            "count": 563
        },
        "CarDrive.Losses.ValueLoss.mean": {
            "value": 0.001743276790114026,
            "min": 0.0004520374720888292,
            "max": 0.7246044397599891,
            "count": 563
        },
        "CarDrive.Policy.LearningRate.mean": {
            "value": 5.984798005399873e-07,
            "min": 5.984798005399873e-07,
            "max": 0.00029963859012047,
            "count": 563
        },
        "CarDrive.Policy.Epsilon.mean": {
            "value": 0.10019946,
            "min": 0.10019946,
            "max": 0.19987953000000003,
            "count": 563
        },
        "CarDrive.Policy.Beta.mean": {
            "value": 1.1974653999999956e-05,
            "min": 1.1974653999999956e-05,
            "max": 0.0009988073470000001,
            "count": 563
        }
    },
    "metadata": {
        "timer_format_version": "0.1.0",
        "start_time_seconds": "1610466412",
        "python_version": "3.7.9 (default, Aug 31 2020, 07:22:35) \n[Clang 10.0.0 ]",
        "command_line_arguments": "/Users/thomas/python-envs/unity-env/bin/mlagents-learn config/trainer_config_ppo.yaml --train --run-id=ppo_resnet_10M",
        "mlagents_version": "0.23.0",
        "mlagents_envs_version": "0.23.0",
        "communication_protocol_version": "1.3.0",
        "pytorch_version": "1.7.1",
        "numpy_version": "1.18.5",
        "end_time_seconds": "1610474301"
    },
    "total": 7889.475604944,
    "count": 1,
    "self": 0.00688982700012275,
    "children": {
        "run_training.setup": {
            "total": 0.012781829999999994,
            "count": 1,
            "self": 0.012781829999999994
        },
        "TrainerController.start_learning": {
            "total": 7889.455933287,
            "count": 1,
            "self": 4.721345626857328,
            "children": {
                "TrainerController._reset_env": {
                    "total": 5.577695494,
                    "count": 1,
                    "self": 5.577695494
                },
                "TrainerController.advance": {
                    "total": 7879.081047718142,
                    "count": 167198,
                    "self": 2.5817017500057773,
                    "children": {
                        "env_step": {
                            "total": 7876.499345968136,
                            "count": 167198,
                            "self": 7081.526082824999,
                            "children": {
                                "SubprocessEnvManager._take_step": {
                                    "total": 792.7931960470141,
                                    "count": 167198,
                                    "self": 16.343456578950168,
                                    "children": {
                                        "TorchPolicy.evaluate": {
                                            "total": 776.449739468064,
                                            "count": 167198,
                                            "self": 112.56485133199578,
                                            "children": {
                                                "TorchPolicy.sample_actions": {
                                                    "total": 663.8848881360682,
                                                    "count": 167198,
                                                    "self": 663.8848881360682
                                                }
                                            }
                                        }
                                    }
                                },
                                "workers": {
                                    "total": 2.180067096123338,
                                    "count": 167198,
                                    "self": 0.0,
                                    "children": {
                                        "worker_root": {
                                            "total": 7883.356441528019,
                                            "count": 167198,
                                            "is_parallel": true,
                                            "self": 5378.96465272091,
                                            "children": {
                                                "run_training.setup": {
                                                    "total": 0.0,
                                                    "count": 0,
                                                    "is_parallel": true,
                                                    "self": 0.0,
                                                    "children": {
                                                        "steps_from_proto": {
                                                            "total": 0.0021040089999999623,
                                                            "count": 1,
                                                            "is_parallel": true,
                                                            "self": 0.0003508830000003016,
                                                            "children": {
                                                                "_process_vector_observation": {
                                                                    "total": 0.0017531259999996607,
                                                                    "count": 4,
                                                                    "is_parallel": true,
                                                                    "self": 0.0017531259999996607
                                                                }
                                                            }
                                                        },
                                                        "UnityEnvironment.step": {
                                                            "total": 0.03752118700000029,
                                                            "count": 1,
                                                            "is_parallel": true,
                                                            "self": 0.0009100540000002155,
                                                            "children": {
                                                                "UnityEnvironment._generate_step_input": {
                                                                    "total": 0.00089873300000054,
                                                                    "count": 1,