{
    "name": "root",
    "gauges": {
        "CarDrive.Policy.Entropy.mean": {
            "value": 1.3056247234344482,
            "min": 1.3056247234344482,
            "max": 1.418938398361206,
            "count": 83
        },
        "CarDrive.Environment.EpisodeLength.mean": {
            "value": 6999.0,
            "min": 5.685569904548006,
            "max": 6999.0,
            "count": 32
        },
        "CarDrive.Policy.ExtrinsicValueEstimate.mean": {
            "value": 1.2626289129257202,
            "min": -0.949368953704834,
            "max": 1.2653460502624512,
            "count": 83
        },
        "CarDrive.Environment.CumulativeReward.mean": {
            "value": 58.15532445907593,
            "min": -0.9855272861370714,
            "max": 58.15532445907593,
            "count": 32
        },
        "CarDrive.Policy.ExtrinsicReward.mean": {
            "value": 58.15532445907593,
            "min": -0.9855272861370714,
            "max": 58.15532445907593,
            "count": 32
        },
        "CarDrive.IsTraining.mean": {
            "value": 1.0,
            "min": 1.0,
            "max": 1.0,
            "count": 83
        },
        "CarDrive.Losses.PolicyLoss.mean": {
            "value": 0.10602588953378682,
            "min": 0.09455903188306063,
            "max": 0.10602588953378682,
            "count": 59
        },
        "CarDrive.Losses.ValueLoss.mean": {
            "value": 0.0033404639864621014,
            "min": 0.0012036997807865907,
            "max": 0.41161398395710025,
            "count": 59
        },
        "CarDrive.Policy.LearningRate.mean": {
            "value": 5.789198070300002e-06,
            "min": 5.789198070300002e-06,
            "max": 0.0002963982012006,
            "count": 59
        },
        "CarDrive.Policy.Epsilon.mean": {
            "value": 0.1019297,
            "min": 0.1019297,
            "max": 0.1987994,
            "count": 59
        },
        "CarDrive.Policy.Beta.mean": {
            "value": 2.9104030000000007e-05,
            "min": 2.9104030000000007e-05,
            "max": 0.00098811406,
            "count": 59
        }
    },
    "metadata": {
        "timer_format_version": "0.1.0",
        "start_time_seconds": "1610379361",
        "python_version": "3.7.9 (default, Aug 31 2020, 07:22:35) \n[Clang 10.0.0 ]",
        "command_line_arguments": "/Users/thomas/python-envs/unity-env/bin/mlagents-learn config/trainer_config_ppo_rnn_resnet.yaml --train --run-id=ppo_rnn-v3",
        "mlagents_version": "0.23.0",
        "mlagents_envs_version": "0.23.0",
        "communication_protocol_version": "1.3.0",
        "pytorch_version": "1.7.1",
        "numpy_version": "1.18.5",
        "end_time_seconds": "1610379916"
    },
    "total": 554.7419456279999,
    "count": 1,
    "self": 0.005384457999866754,
    "children": {
        "run_training.setup": {
            "total": 0.006699117000000032,
            "count": 1,
            "self": 0.006699117000000032
        },
        "TrainerController.start_learning": {
            "total": 554.729862053,
            "count": 1,
            "self": 0.5026322319966994,
            "children": {
                "TrainerController._reset_env": {
                    "total": 9.446026132,
                    "count": 1,
                    "self": 9.446026132
                },
                "TrainerController.advance": {
                    "total": 544.7297263370033,
                    "count": 17244,
                    "self": 0.2569905700088384,
                    "children": {
                        "env_step": {
                            "total": 544.4727357669944,
                            "count": 17244,
                            "self": 470.22200936699335,
                            "children": {
                                "SubprocessEnvManager._take_step": {
                                    "total": 74.02870885500131,
                                    "count": 17244,
                                    "self": 1.625547493000397,
                                    "children": {
                                        "TorchPolicy.evaluate": {
                                            "total": 72.40316136200092,
                                            "count": 17244,
                                            "self": 14.05222734000018,
                                            "children": {
                                                "TorchPolicy.sample_actions": {
                                                    "total": 58.350934022000736,
                                                    "count": 17244,
                                                    "self": 58.350934022000736
                                                }
                                            }
                                        }
                                    }
                                },
                                "workers": {
                                    "total": 0.22201754499980453,
                                    "count": 17244,
                                    "self": 0.0,
                                    "children": {
                                        "worker_root": {
                                            "total": 554.0558772979966,
                                            "count": 17244,
                                            "is_parallel": true,
                                            "self": 347.83109457100113,
                                            "children": {
                                                "run_training.setup": {
                                                    "total": 0.0,
                                                    "count": 0,
                                                    "is_parallel": true,
                                                    "self": 0.0,
                                                    "children": {
                                                        "steps_from_proto": {
                                                            "total": 0.0017718349999995553,
                                                            "count": 1,
                                                            "is_parallel": true,
                                                            "self": 0.00027055799999864405,
                                                            "children": {
                                                                "_process_vector_observation": {
                                                                    "total": 0.0015012770000009112,
                                                                    "count": 4,
                                                                    "is_parallel": true,
                                                                    "self": 0.0015012770000009112
                                                                }
                                                            }
                                                        },
                                                        "UnityEnvironment.step": {
                                                            "total": 0.03850386100000058,
                                                            "count": 1,
                                                            "is_parallel": true,
                                                            "self": 0.000778897000001777,
                                                            "children": {
                                                                "UnityEnvironment._generate_step_input": {
                                                                    "total": 0.00075513100000002,
                                                                    "count": 1,